dataset,probe_id,gene_symbol
GSE23959,2349006,VCAM1
GSE23959,2349007,VCAM1
GSE23959,2349008,VCAM1
GSE23959,2349009,VCAM1
GSE23959,2349011,VCAM1
GSE23959,2349012,VCAM1
GSE23959,2349017,VCAM1
GSE23959,2349018,VCAM1
GSE23959,2349019,VCAM1
GSE23959,2349020,VCAM1
GSE23959,2349021,VCAM1
GSE23959,2349022,VCAM1
GSE23959,2349024,VCAM1
GSE23959,2349025,VCAM1
GSE23959,2380600,TGFB2
GSE23959,2380601,TGFB2
GSE23959,2380610,TGFB2
GSE23959,2380623,TGFB2
GSE23959,2380624,TGFB2
GSE23959,2380629,TGFB2
GSE23959,2380632,TGFB2
GSE23959,2380633,TGFB2
GSE23959,2380634,TGFB2
GSE23959,2380636,TGFB2
GSE23959,2380637,TGFB2
GSE23959,2396850,NPPA
GSE23959,2396853,NPPA
GSE23959,2396854,NPPA
GSE23959,2396856,NPPA
GSE23959,2396862,NPPB
GSE23959,2396864,NPPB
GSE23959,2396865,NPPB
GSE23959,2396868,NPPB
GSE23959,2433448,GJA5
GSE23959,2433449,GJA5
GSE23959,2433450,GJA5
GSE23959,2433451,GJA5
GSE23959,2433452,GJA5
GSE23959,2450765,TNNT2
GSE23959,2450766,TNNT2
GSE23959,2450767,TNNT2
GSE23959,2450770,TNNT2
GSE23959,2450771,TNNT2
GSE23959,2450772,TNNT2
GSE23959,2450776,TNNT2
GSE23959,2450777,TNNT2
GSE23959,2450778,TNNT2
GSE23959,2480389,EPAS1
GSE23959,2480390,EPAS1
GSE23959,2480391,EPAS1
GSE23959,2480420,EPAS1
GSE23959,2480421,EPAS1
GSE23959,2480424,EPAS1
GSE23959,2480425,EPAS1
GSE23959,2480432,EPAS1
GSE23959,2480433,EPAS1
GSE23959,2480434,EPAS1
GSE23959,2480440,EPAS1
GSE23959,2480441,EPAS1
GSE23959,2480443,EPAS1
GSE23959,2480444,EPAS1
GSE23959,2480447,EPAS1
GSE23959,2480448,EPAS1
GSE23959,2480449,EPAS1
GSE23959,2480451,EPAS1
GSE23959,2480453,EPAS1
GSE23959,2480454,EPAS1
GSE23959,2480455,EPAS1
GSE23959,2480456,EPAS1
GSE23959,2519582,COL3A1
GSE23959,2519583,COL3A1
GSE23959,2519586,COL3A1
GSE23959,2519587,COL3A1
GSE23959,2519588,COL3A1
GSE23959,2519589,COL3A1
GSE23959,2519590,COL3A1
GSE23959,2519591,COL3A1
GSE23959,2519592,COL3A1
GSE23959,2519593,COL3A1
GSE23959,2519594,COL3A1
GSE23959,2519596,COL3A1
GSE23959,2519597,COL3A1
GSE23959,2519598,COL3A1
GSE23959,2519600,COL3A1
GSE23959,2519601,COL3A1
GSE23959,2519602,COL3A1
GSE23959,2519603,COL3A1
GSE23959,2519604,COL3A1
GSE23959,2519606,COL3A1
GSE23959,2519607,COL3A1
GSE23959,2519608,COL3A1
GSE23959,2519610,COL3A1
GSE23959,2519611,COL3A1
GSE23959,2519614,COL3A1
GSE23959,2519615,COL3A1
GSE23959,2519616,COL3A1
GSE23959,2519617,COL3A1
GSE23959,2519619,COL3A1
GSE23959,2519626,COL3A1
GSE23959,2519628,COL3A1
GSE23959,2519630,COL3A1
GSE23959,2519631,COL3A1
GSE23959,2519634,COL3A1
GSE23959,2519635,COL3A1
GSE23959,2519637,COL3A1
GSE23959,2519638,COL3A1
GSE23959,2519641,COL3A1
GSE23959,2519644,COL3A1
GSE23959,2519645,COL3A1
GSE23959,2519647,COL3A1
GSE23959,2519648,COL3A1
GSE23959,2519649,COL3A1
GSE23959,2519652,COL3A1
GSE23959,2519656,COL3A1
GSE23959,2519657,COL3A1
GSE23959,2519658,COL3A1
GSE23959,2519659,COL3A1
GSE23959,2519660,COL3A1
GSE23959,2598263,FN1
GSE23959,2598264,FN1
GSE23959,2598267,FN1
GSE23959,2598268,FN1
GSE23959,2598269,FN1
GSE23959,2598270,FN1
GSE23959,2598271,FN1
GSE23959,2598273,FN1
GSE23959,2598276,FN1
GSE23959,2598277,FN1
GSE23959,2598280,FN1
GSE23959,2598281,FN1
GSE23959,2598284,FN1
GSE23959,2598286,FN1
GSE23959,2598287,FN1
GSE23959,2598288,FN1
GSE23959,2598289,FN1
GSE23959,2598290,FN1
GSE23959,2598294,FN1
GSE23959,2598296,FN1
GSE23959,2598299,FN1
GSE23959,2598301,FN1
GSE23959,2598302,FN1
GSE23959,2598304,FN1
GSE23959,2598306,FN1
GSE23959,2598307,FN1
GSE23959,2598308,FN1
GSE23959,2598310,FN1
GSE23959,2598313,FN1
GSE23959,2598314,FN1
GSE23959,2598318,FN1
GSE23959,2598321,FN1
GSE23959,2598324,FN1
GSE23959,2598325,FN1
GSE23959,2598328,FN1
GSE23959,2598329,FN1
GSE23959,2598330,FN1
GSE23959,2598331,FN1
GSE23959,2598334,FN1
GSE23959,2598335,FN1
GSE23959,2598338,FN1
GSE23959,2598339,FN1
GSE23959,2598340,FN1
GSE23959,2598342,FN1
GSE23959,2598344,FN1
GSE23959,2598346,FN1
GSE23959,2598350,FN1
GSE23959,2598352,FN1
GSE23959,2598353,FN1
GSE23959,2598354,FN1
GSE23959,2598356,FN1
GSE23959,2598357,FN1
GSE23959,2598358,FN1
GSE23959,2598359,FN1
GSE23959,2598360,FN1
GSE23959,2598363,FN1
GSE23959,2598367,FN1
GSE23959,2598371,FN1
GSE23959,2598372,FN1
GSE23959,2598373,FN1
GSE23959,2598374,FN1
GSE23959,2598375,FN1
GSE23959,2598376,FN1
GSE23959,2615379,TGFBR2
GSE23959,2615380,TGFBR2
GSE23959,2615393,TGFBR2
GSE23959,2615395,TGFBR2
GSE23959,2615396,TGFBR2
GSE23959,2615401,TGFBR2
GSE23959,2615402,TGFBR2
GSE23959,2615403,TGFBR2
GSE23959,2615410,TGFBR2
GSE23959,2615412,TGFBR2
GSE23959,2615413,TGFBR2
GSE23959,2737731,NFKB1
GSE23959,2737737,NFKB1
GSE23959,2737740,NFKB1
GSE23959,2737743,NFKB1
GSE23959,2737745,NFKB1
GSE23959,2737753,NFKB1
GSE23959,2737756,NFKB1
GSE23959,2737759,NFKB1
GSE23959,2737762,NFKB1
GSE23959,2737763,NFKB1
GSE23959,2737765,NFKB1
GSE23959,2737770,NFKB1
GSE23959,2737771,NFKB1
GSE23959,2737772,NFKB1
GSE23959,2737773,NFKB1
GSE23959,2737775,NFKB1
GSE23959,2737776,NFKB1
GSE23959,2737781,NFKB1
GSE23959,2737783,NFKB1
GSE23959,2737784,NFKB1
GSE23959,2737789,NFKB1
GSE23959,2737790,NFKB1
GSE23959,2737791,NFKB1
GSE23959,2737793,NFKB1
GSE23959,2737796,NFKB1
GSE23959,2737797,NFKB1
GSE23959,2769812,KDR
GSE23959,2769813,KDR
GSE23959,2769814,KDR
GSE23959,2769815,KDR
GSE23959,2769816,KDR
GSE23959,2769817,KDR
GSE23959,2769818,KDR
GSE23959,2769819,KDR
GSE23959,2769820,KDR
GSE23959,2769821,KDR
GSE23959,2769824,KDR
GSE23959,2769826,KDR
GSE23959,2769827,KDR
GSE23959,2769828,KDR
GSE23959,2769831,KDR
GSE23959,2769832,KDR
GSE23959,2769833,KDR
GSE23959,2769834,KDR
GSE23959,2769835,KDR
GSE23959,2769837,KDR
GSE23959,2769839,KDR
GSE23959,2769840,KDR
GSE23959,2769845,KDR
GSE23959,2769848,KDR
GSE23959,2769849,KDR
GSE23959,2769850,KDR
GSE23959,2769851,KDR
GSE23959,2769852,KDR
GSE23959,2769853,KDR
GSE23959,2769856,KDR
GSE23959,2769857,KDR
GSE23959,2769860,KDR
GSE23959,2769861,KDR
GSE23959,2769862,KDR
GSE23959,2769863,KDR
GSE23959,2779562,EMCN
GSE23959,2779569,EMCN
GSE23959,2779573,EMCN
GSE23959,2779575,EMCN
GSE23959,2779578,EMCN
GSE23959,2779579,EMCN
GSE23959,2779587,EMCN
GSE23959,2779589,EMCN
GSE23959,2779590,EMCN
GSE23959,2779597,EMCN
GSE23959,2818524,VCAN
GSE23959,2818525,VCAN
GSE23959,2818529,VCAN
GSE23959,2818532,VCAN
GSE23959,2818533,VCAN
GSE23959,2818534,VCAN
GSE23959,2818535,VCAN
GSE23959,2818536,VCAN
GSE23959,2818543,VCAN
GSE23959,2818544,VCAN
GSE23959,2818549,VCAN
GSE23959,2818550,VCAN
GSE23959,2818559,VCAN
GSE23959,2818560,VCAN
GSE23959,2818561,VCAN
GSE23959,2818562,VCAN
GSE23959,2818564,VCAN
GSE23959,2818565,VCAN
GSE23959,2818568,VCAN
GSE23959,2818571,VCAN
GSE23959,2818572,VCAN
GSE23959,2818573,VCAN
GSE23959,2818577,VCAN
GSE23959,2818578,VCAN
GSE23959,2818581,VCAN
GSE23959,2818582,VCAN
GSE23959,2895248,EDN1
GSE23959,2895250,EDN1
GSE23959,2895252,EDN1
GSE23959,2895254,EDN1
GSE23959,2895256,EDN1
GSE23959,2895257,EDN1
GSE23959,2902417,TNF
GSE23959,2902418,TNF
GSE23959,2902420,TNF
GSE23959,2902421,TNF
GSE23959,2902423,TNF
GSE23959,2902424,TNF
GSE23959,2908180,VEGFA
GSE23959,2908181,VEGFA
GSE23959,2908182,VEGFA
GSE23959,2908189,VEGFA
GSE23959,2908192,VEGFA
GSE23959,2908196,VEGFA
GSE23959,2908200,VEGFA
GSE23959,2908203,VEGFA
GSE23959,2908204,VEGFA
GSE23959,2908205,VEGFA
GSE23959,2924495,HEY2
GSE23959,2924496,HEY2
GSE23959,2924497,HEY2
GSE23959,2924498,HEY2
GSE23959,2924502,HEY2
GSE23959,2924503,HEY2
GSE23959,2924504,HEY2
GSE23959,2924505,HEY2
GSE23959,2970088,LAMA4
GSE23959,2970089,LAMA4
GSE23959,2970090,LAMA4
GSE23959,2970091,LAMA4
GSE23959,2970094,LAMA4
GSE23959,2970095,LAMA4
GSE23959,2970098,LAMA4
GSE23959,2970100,LAMA4
GSE23959,2970103,LAMA4
GSE23959,2970104,LAMA4
GSE23959,2970106,LAMA4
GSE23959,2970107,LAMA4
GSE23959,2970108,LAMA4
GSE23959,2970109,LAMA4
GSE23959,2970112,LAMA4
GSE23959,2970114,LAMA4
GSE23959,2970115,LAMA4
GSE23959,2970116,LAMA4
GSE23959,2970117,LAMA4
GSE23959,2970119,LAMA4
GSE23959,2970120,LAMA4
GSE23959,2970121,LAMA4
GSE23959,2970123,LAMA4
GSE23959,2970124,LAMA4
GSE23959,2970125,LAMA4
GSE23959,2970128,LAMA4
GSE23959,2970130,LAMA4
GSE23959,2970133,LAMA4
GSE23959,2970134,LAMA4
GSE23959,2970135,LAMA4
GSE23959,2970138,LAMA4
GSE23959,2970144,LAMA4
GSE23959,2970147,LAMA4
GSE23959,2970148,LAMA4
GSE23959,2970159,LAMA4
GSE23959,2970160,LAMA4
GSE23959,2970163,LAMA4
GSE23959,2970165,LAMA4
GSE23959,2970166,LAMA4
GSE23959,2970172,LAMA4
GSE23959,2970174,LAMA4
GSE23959,2970178,LAMA4
GSE23959,2970184,LAMA4
GSE23959,2970198,LAMA4
GSE23959,2970199,LAMA4
GSE23959,2970200,LAMA4
GSE23959,2970201,LAMA4
GSE23959,2970203,LAMA4
GSE23959,2970204,LAMA4
GSE23959,2992592,IL6
GSE23959,2992594,IL6
GSE23959,2992597,IL6
GSE23959,2992601,IL6
GSE23959,2992602,IL6
GSE23959,3013077,COL1A2
GSE23959,3013078,COL1A2
GSE23959,3013079,COL1A2
GSE23959,3013083,COL1A2
GSE23959,3013084,COL1A2
GSE23959,3013086,COL1A2
GSE23959,3013091,COL1A2
GSE23959,3013093,COL1A2
GSE23959,3013098,COL1A2
GSE23959,3013102,COL1A2
GSE23959,3013103,COL1A2
GSE23959,3013105,COL1A2
GSE23959,3013106,COL1A2
GSE23959,3013107,COL1A2
GSE23959,3013108,COL1A2
GSE23959,3013109,COL1A2
GSE23959,3013110,COL1A2
GSE23959,3013111,COL1A2
GSE23959,3013113,COL1A2
GSE23959,3013114,COL1A2
GSE23959,3013115,COL1A2
GSE23959,3013116,COL1A2
GSE23959,3013118,COL1A2
GSE23959,3013119,COL1A2
GSE23959,3013120,COL1A2
GSE23959,3013125,COL1A2
GSE23959,3013128,COL1A2
GSE23959,3013129,COL1A2
GSE23959,3013132,COL1A2
GSE23959,3013135,COL1A2
GSE23959,3013137,COL1A2
GSE23959,3013139,COL1A2
GSE23959,3013141,COL1A2
GSE23959,3013142,COL1A2
GSE23959,3013143,COL1A2
GSE23959,3013146,COL1A2
GSE23959,3013148,COL1A2
GSE23959,3013151,COL1A2
GSE23959,3013153,COL1A2
GSE23959,3013155,COL1A2
GSE23959,3013156,COL1A2
GSE23959,3013157,COL1A2
GSE23959,3013158,COL1A2
GSE23959,3013160,COL1A2
GSE23959,3013161,COL1A2
GSE23959,3013162,COL1A2
GSE23959,3013163,COL1A2
GSE23959,3020303,CAV1
GSE23959,3020304,CAV1
GSE23959,3020310,CAV1
GSE23959,3020320,CAV1
GSE23959,3020321,CAV1
GSE23959,3020322,CAV1
GSE23959,3031714,NOS3
GSE23959,3031716,NOS3
GSE23959,3031717,NOS3
GSE23959,3031720,NOS3
GSE23959,3031722,NOS3
GSE23959,3031723,NOS3
GSE23959,3031724,NOS3
GSE23959,3031725,NOS3
GSE23959,3031726,NOS3
GSE23959,3031727,NOS3
GSE23959,3031728,NOS3
GSE23959,3031730,NOS3
GSE23959,3031731,NOS3
GSE23959,3031732,NOS3
GSE23959,3031736,NOS3
GSE23959,3031737,NOS3
GSE23959,3031738,NOS3
GSE23959,3031740,NOS3
GSE23959,3031741,NOS3
GSE23959,3031742,NOS3
GSE23959,3031743,NOS3
GSE23959,3031744,NOS3
GSE23959,3031746,NOS3
GSE23959,3031747,NOS3
GSE23959,3031748,NOS3
GSE23959,3031750,NOS3
GSE23959,3031751,NOS3
GSE23959,3031752,NOS3
GSE23959,3041245,IL6
GSE23959,3041246,IL6
GSE23959,3041247,IL6
GSE23959,3041248,IL6
GSE23959,3098550,SOX17
GSE23959,3098552,SOX17
GSE23959,3098555,SOX17
GSE23959,3098556,SOX17
GSE23959,3098557,SOX17
GSE23959,3098558,SOX17
GSE23959,3098559,SOX17
GSE23959,3134549,SNAI2
GSE23959,3134550,SNAI2
GSE23959,3134552,SNAI2
GSE23959,3134553,SNAI2
GSE23959,3134554,SNAI2
GSE23959,3141759,HEY1
GSE23959,3141760,HEY1
GSE23959,3141761,HEY1
GSE23959,3141762,HEY1
GSE23959,3141763,HEY1
GSE23959,3141766,HEY1
GSE23959,3141767,HEY1
GSE23959,3141768,HEY1
GSE23959,3141769,HEY1
GSE23959,3141770,HEY1
GSE23959,3165830,TEK
GSE23959,3165831,TEK
GSE23959,3165840,TEK
GSE23959,3165844,TEK
GSE23959,3165845,TEK
GSE23959,3165848,TEK
GSE23959,3165850,TEK
GSE23959,3165852,TEK
GSE23959,3165853,TEK
GSE23959,3165854,TEK
GSE23959,3165857,TEK
GSE23959,3165858,TEK
GSE23959,3165859,TEK
GSE23959,3165861,TEK
GSE23959,3165862,TEK
GSE23959,3165864,TEK
GSE23959,3165865,TEK
GSE23959,3165867,TEK
GSE23959,3165869,TEK
GSE23959,3165870,TEK
GSE23959,3165871,TEK
GSE23959,3165872,TEK
GSE23959,3165875,TEK
GSE23959,3165876,TEK
GSE23959,3165877,TEK
GSE23959,3165878,TEK
GSE23959,3165879,TEK
GSE23959,3168067,CA9
GSE23959,3168068,CA9
GSE23959,3168071,CA9
GSE23959,3168072,CA9
GSE23959,3168073,CA9
GSE23959,3168076,CA9
GSE23959,3168078,CA9
GSE23959,3168079,CA9
GSE23959,3168083,CA9
GSE23959,3168085,CA9
GSE23959,3168086,CA9
GSE23959,3181730,TGFBR1
GSE23959,3181747,TGFBR1
GSE23959,3181748,TGFBR1
GSE23959,3181752,TGFBR1
GSE23959,3181754,TGFBR1
GSE23959,3181756,TGFBR1
GSE23959,3181758,TGFBR1
GSE23959,3181760,TGFBR1
GSE23959,3181762,TGFBR1
GSE23959,3181763,TGFBR1
GSE23959,3181764,TGFBR1
GSE23959,3181765,TGFBR1
GSE23959,3181766,TGFBR1
GSE23959,3181767,TGFBR1
GSE23959,3219225,KLF4
GSE23959,3219226,KLF4
GSE23959,3219227,KLF4
GSE23959,3219228,KLF4
GSE23959,3219229,KLF4
GSE23959,3219230,KLF4
GSE23959,3219233,KLF4
GSE23959,3219234,KLF4
GSE23959,3219235,KLF4
GSE23959,3219240,KLF4
GSE23959,3219242,KLF4
GSE23959,3226101,ENG
GSE23959,3226102,ENG
GSE23959,3226103,ENG
GSE23959,3226104,ENG
GSE23959,3226106,ENG
GSE23959,3226107,ENG
GSE23959,3226109,ENG
GSE23959,3226110,ENG
GSE23959,3226111,ENG
GSE23959,3226113,ENG
GSE23959,3226115,ENG
GSE23959,3226116,ENG
GSE23959,3226117,ENG
GSE23959,3226118,ENG
GSE23959,3226119,ENG
GSE23959,3226121,ENG
GSE23959,3226123,ENG
GSE23959,3226127,ENG
GSE23959,3226133,ENG
GSE23959,3226134,ENG
GSE23959,3230142,NOTCH1
GSE23959,3230143,NOTCH1
GSE23959,3230144,NOTCH1
GSE23959,3230145,NOTCH1
GSE23959,3230152,NOTCH1
GSE23959,3230154,NOTCH1
GSE23959,3230157,NOTCH1
GSE23959,3230158,NOTCH1
GSE23959,3230159,NOTCH1
GSE23959,3230160,NOTCH1
GSE23959,3230163,NOTCH1
GSE23959,3230165,NOTCH1
GSE23959,3230166,NOTCH1
GSE23959,3230167,NOTCH1
GSE23959,3230168,NOTCH1
GSE23959,3230169,NOTCH1
GSE23959,3230170,NOTCH1
GSE23959,3230171,NOTCH1
GSE23959,3230172,NOTCH1
GSE23959,3230176,NOTCH1
GSE23959,3230177,NOTCH1
GSE23959,3230180,NOTCH1
GSE23959,3230181,NOTCH1
GSE23959,3230183,NOTCH1
GSE23959,3230185,NOTCH1
GSE23959,3230186,NOTCH1
GSE23959,3230187,NOTCH1
GSE23959,3230188,NOTCH1
GSE23959,3230189,NOTCH1
GSE23959,3230190,NOTCH1
GSE23959,3230193,NOTCH1
GSE23959,3230194,NOTCH1
GSE23959,3230196,NOTCH1
GSE23959,3230198,NOTCH1
GSE23959,3230202,NOTCH1
GSE23959,3230203,NOTCH1
GSE23959,3230219,NOTCH1
GSE23959,3236968,VIM
GSE23959,3236971,VIM
GSE23959,3236972,VIM
GSE23959,3236974,VIM
GSE23959,3236975,VIM
GSE23959,3236977,VIM
GSE23959,3236980,VIM
GSE23959,3236987,VIM
GSE23959,3236988,VIM
GSE23959,3236991,VIM
GSE23959,3236993,VIM
GSE23959,3236997,VIM
GSE23959,3236999,VIM
GSE23959,3237000,VIM
GSE23959,3237001,VIM
GSE23959,3237002,VIM
GSE23959,3237003,VIM
GSE23959,3284191,ITGB1
GSE23959,3284198,ITGB1
GSE23959,3284199,ITGB1
GSE23959,3284204,ITGB1
GSE23959,3284205,ITGB1
GSE23959,3284206,ITGB1
GSE23959,3284207,ITGB1
GSE23959,3284208,ITGB1
GSE23959,3284210,ITGB1
GSE23959,3284211,ITGB1
GSE23959,3284213,ITGB1
GSE23959,3284214,ITGB1
GSE23959,3284215,ITGB1
GSE23959,3284217,ITGB1
GSE23959,3284218,ITGB1
GSE23959,3284221,ITGB1
GSE23959,3284230,ITGB1
GSE23959,3284232,ITGB1
GSE23959,3284303,NRP1
GSE23959,3284304,NRP1
GSE23959,3284305,NRP1
GSE23959,3284309,NRP1
GSE23959,3284310,NRP1
GSE23959,3284317,NRP1
GSE23959,3284324,NRP1
GSE23959,3284332,NRP1
GSE23959,3284333,NRP1
GSE23959,3284334,NRP1
GSE23959,3284335,NRP1
GSE23959,3284337,NRP1
GSE23959,3284338,NRP1
GSE23959,3284341,NRP1
GSE23959,3284346,NRP1
GSE23959,3284349,NRP1
GSE23959,3284351,NRP1
GSE23959,3284368,NRP1
GSE23959,3284370,NRP1
GSE23959,3284373,NRP1
GSE23959,3284374,NRP1
GSE23959,3284377,NRP1
GSE23959,3284411,NRP1
GSE23959,3284414,NRP1
GSE23959,3299507,ACTA2
GSE23959,3299508,ACTA2
GSE23959,3299513,ACTA2
GSE23959,3299517,ACTA2
GSE23959,3299520,ACTA2
GSE23959,3299521,ACTA2
GSE23959,3299527,ACTA2
GSE23959,3299531,ACTA2
GSE23959,3299534,ACTA2
GSE23959,3322777,LDHA
GSE23959,3322803,LDHA
GSE23959,3350832,TAGLN
GSE23959,3350833,TAGLN
GSE23959,3350837,TAGLN
GSE23959,3350838,TAGLN
GSE23959,3350840,TAGLN
GSE23959,3350841,TAGLN
GSE23959,3350842,TAGLN
GSE23959,3350843,TAGLN
GSE23959,3350844,TAGLN
GSE23959,3350845,TAGLN
GSE23959,3350846,TAGLN
GSE23959,3373640,APLNR
GSE23959,3373643,APLNR
GSE23959,3373644,APLNR
GSE23959,3373646,APLNR
GSE23959,3373647,APLNR
GSE23959,3373648,APLNR
GSE23959,3396204,ROBO4
GSE23959,3396205,ROBO4
GSE23959,3396207,ROBO4
GSE23959,3396209,ROBO4
GSE23959,3396212,ROBO4
GSE23959,3396213,ROBO4
GSE23959,3396216,ROBO4
GSE23959,3396217,ROBO4
GSE23959,3396220,ROBO4
GSE23959,3396222,ROBO4
GSE23959,3396224,ROBO4
GSE23959,3396225,ROBO4
GSE23959,3396228,ROBO4
GSE23959,3396229,ROBO4
GSE23959,3396231,ROBO4
GSE23959,3396235,ROBO4
GSE23959,3396236,ROBO4
GSE23959,3396237,ROBO4
GSE23959,3396238,ROBO4
GSE23959,3396240,ROBO4
GSE23959,3396242,ROBO4
GSE23959,3441687,VWF
GSE23959,3441689,VWF
GSE23959,3441691,VWF
GSE23959,3441693,VWF
GSE23959,3441695,VWF
GSE23959,3441696,VWF
GSE23959,3441699,VWF
GSE23959,3441700,VWF
GSE23959,3441701,VWF
GSE23959,3441702,VWF
GSE23959,3441706,VWF
GSE23959,3441709,VWF
GSE23959,3441711,VWF
GSE23959,3441712,VWF
GSE23959,3441715,VWF
GSE23959,3441716,VWF
GSE23959,3441719,VWF
GSE23959,3441720,VWF
GSE23959,3441721,VWF
GSE23959,3441724,VWF
GSE23959,3441747,VWF
GSE23959,3441748,VWF
GSE23959,3441749,VWF
GSE23959,3441754,VWF
GSE23959,3441759,VWF
GSE23959,3441763,VWF
GSE23959,3441764,VWF
GSE23959,3441766,VWF
GSE23959,3441767,VWF
GSE23959,3441768,VWF
GSE23959,3441769,VWF
GSE23959,3441776,VWF
GSE23959,3441778,VWF
GSE23959,3441779,VWF
GSE23959,3441780,VWF
GSE23959,3441785,VWF
GSE23959,3441788,VWF
GSE23959,3441791,VWF
GSE23959,3441793,VWF
GSE23959,3441799,VWF
GSE23959,3441800,VWF
GSE23959,3441801,VWF
GSE23959,3441805,VWF
GSE23959,3441807,VWF
GSE23959,3441808,VWF
GSE23959,3441809,VWF
GSE23959,3456733,ITGA5
GSE23959,3456734,ITGA5
GSE23959,3456735,ITGA5
GSE23959,3456736,ITGA5
GSE23959,3456737,ITGA5
GSE23959,3456739,ITGA5
GSE23959,3456741,ITGA5
GSE23959,3456742,ITGA5
GSE23959,3456743,ITGA5
GSE23959,3456745,ITGA5
GSE23959,3456746,ITGA5
GSE23959,3456748,ITGA5
GSE23959,3456750,ITGA5
GSE23959,3456752,ITGA5
GSE23959,3456753,ITGA5
GSE23959,3456754,ITGA5
GSE23959,3456758,ITGA5
GSE23959,3456759,ITGA5
GSE23959,3456760,ITGA5
GSE23959,3456762,ITGA5
GSE23959,3456765,ITGA5
GSE23959,3456766,ITGA5
GSE23959,3456767,ITGA5
GSE23959,3456768,ITGA5
GSE23959,3456770,ITGA5
GSE23959,3456772,ITGA5
GSE23959,3456775,ITGA5
GSE23959,3456780,ITGA5
GSE23959,3456781,ITGA5
GSE23959,3465276,DCN
GSE23959,3465278,DCN
GSE23959,3465279,DCN
GSE23959,3465280,DCN
GSE23959,3465281,DCN
GSE23959,3465282,DCN
GSE23959,3465283,DCN
GSE23959,3465284,DCN
GSE23959,3465288,DCN
GSE23959,3465290,DCN
GSE23959,3465292,DCN
GSE23959,3465293,DCN
GSE23959,3465295,DCN
GSE23959,3465307,DCN
GSE23959,3465308,DCN
GSE23959,3465310,DCN
GSE23959,3465314,DCN
GSE23959,3501224,COL4A2
GSE23959,3501225,COL4A2
GSE23959,3501226,COL4A2
GSE23959,3501227,COL4A2
GSE23959,3501247,COL4A2
GSE23959,3501263,COL4A2
GSE23959,3501264,COL4A2
GSE23959,3501266,COL4A2
GSE23959,3501268,COL4A2
GSE23959,3501269,COL4A2
GSE23959,3501275,COL4A2
GSE23959,3501278,COL4A2
GSE23959,3501282,COL4A2
GSE23959,3501289,COL4A2
GSE23959,3501293,COL4A2
GSE23959,3501295,COL4A2
GSE23959,3501300,COL4A2
GSE23959,3501301,COL4A2
GSE23959,3501305,COL4A2
GSE23959,3501306,COL4A2
GSE23959,3501308,COL4A2
GSE23959,3501310,COL4A2
GSE23959,3501312,COL4A2
GSE23959,3501316,COL4A2
GSE23959,3501317,COL4A2
GSE23959,3501329,COL4A2
GSE23959,3501332,COL4A2
GSE23959,3501335,COL4A2
GSE23959,3501337,COL4A2
GSE23959,3501339,COL4A2
GSE23959,3501340,COL4A2
GSE23959,3501343,COL4A2
GSE23959,3501350,COL4A2
GSE23959,3501351,COL4A2
GSE23959,3501352,COL4A2
GSE23959,3501355,COL4A2
GSE23959,3501356,COL4A2
GSE23959,3501359,COL4A2
GSE23959,3501360,COL4A2
GSE23959,3501363,COL4A2
GSE23959,3501364,COL4A2
GSE23959,3501365,COL4A2
GSE23959,3501366,COL4A2
GSE23959,3501367,COL4A2
GSE23959,3501368,COL4A2
GSE23959,3507287,FLT1
GSE23959,3507288,FLT1
GSE23959,3507294,FLT1
GSE23959,3507295,FLT1
GSE23959,3507300,FLT1
GSE23959,3507302,FLT1
GSE23959,3507307,FLT1
GSE23959,3507311,FLT1
GSE23959,3507312,FLT1
GSE23959,3507322,FLT1
GSE23959,3507323,FLT1
GSE23959,3507329,FLT1
GSE23959,3507337,FLT1
GSE23959,3507342,FLT1
GSE23959,3507343,FLT1
GSE23959,3507349,FLT1
GSE23959,3507358,FLT1
GSE23959,3507370,FLT1
GSE23959,3507372,FLT1
GSE23959,3507374,FLT1
GSE23959,3507375,FLT1
GSE23959,3507376,FLT1
GSE23959,3507377,FLT1
GSE23959,3507380,FLT1
GSE23959,3507393,FLT1
GSE23959,3507394,FLT1
GSE23959,3507411,FLT1
GSE23959,3510067,POSTN
GSE23959,3510068,POSTN
GSE23959,3510069,POSTN
GSE23959,3510070,POSTN
GSE23959,3510072,POSTN
GSE23959,3510081,POSTN
GSE23959,3510082,POSTN
GSE23959,3510084,POSTN
GSE23959,3510089,POSTN
GSE23959,3510091,POSTN
GSE23959,3510092,POSTN
GSE23959,3510093,POSTN
GSE23959,3510094,POSTN
GSE23959,3510095,POSTN
GSE23959,3510096,POSTN
GSE23959,3510097,POSTN
GSE23959,3510098,POSTN
GSE23959,3510099,POSTN
GSE23959,3510100,POSTN
GSE23959,3510101,POSTN
GSE23959,3510102,POSTN
GSE23959,3510103,POSTN
GSE23959,3510104,POSTN
GSE23959,3510105,POSTN
GSE23959,3510109,POSTN
GSE23959,3510110,POSTN
GSE23959,3524571,EFNB2
GSE23959,3524572,EFNB2
GSE23959,3524573,EFNB2
GSE23959,3524574,EFNB2
GSE23959,3524575,EFNB2
GSE23959,3524576,EFNB2
GSE23959,3524577,EFNB2
GSE23959,3524578,EFNB2
GSE23959,3524579,EFNB2
GSE23959,3524580,EFNB2
GSE23959,3524582,EFNB2
GSE23959,3524588,EFNB2
GSE23959,3524589,EFNB2
GSE23959,3524590,EFNB2
GSE23959,3524604,EFNB2
GSE23959,3525314,COL4A1
GSE23959,3525315,COL4A1
GSE23959,3525316,COL4A1
GSE23959,3525317,COL4A1
GSE23959,3525318,COL4A1
GSE23959,3525319,COL4A1
GSE23959,3525320,COL4A1
GSE23959,3525321,COL4A1
GSE23959,3525324,COL4A1
GSE23959,3525326,COL4A1
GSE23959,3525327,COL4A1
GSE23959,3525330,COL4A1
GSE23959,3525331,COL4A1
GSE23959,3525333,COL4A1
GSE23959,3525334,COL4A1
GSE23959,3525337,COL4A1
GSE23959,3525338,COL4A1
GSE23959,3525343,COL4A1
GSE23959,3525346,COL4A1
GSE23959,3525347,COL4A1
GSE23959,3525350,COL4A1
GSE23959,3525352,COL4A1
GSE23959,3525355,COL4A1
GSE23959,3525357,COL4A1
GSE23959,3525358,COL4A1
GSE23959,3525359,COL4A1
GSE23959,3525360,COL4A1
GSE23959,3525363,COL4A1
GSE23959,3525365,COL4A1
GSE23959,3525366,COL4A1
GSE23959,3525367,COL4A1
GSE23959,3525373,COL4A1
GSE23959,3525374,COL4A1
GSE23959,3525376,COL4A1
GSE23959,3525378,COL4A1
GSE23959,3525380,COL4A1
GSE23959,3525382,COL4A1
GSE23959,3525385,COL4A1
GSE23959,3525388,COL4A1
GSE23959,3525392,COL4A1
GSE23959,3525394,COL4A1
GSE23959,3525395,COL4A1
GSE23959,3525397,COL4A1
GSE23959,3525399,COL4A1
GSE23959,3525400,COL4A1
GSE23959,3525414,COL4A1
GSE23959,3525434,COL4A1
GSE23959,3539074,HIF1A
GSE23959,3539075,HIF1A
GSE23959,3539083,HIF1A
GSE23959,3539084,HIF1A
GSE23959,3539085,HIF1A
GSE23959,3539087,HIF1A
GSE23959,3539088,HIF1A
GSE23959,3539089,HIF1A
GSE23959,3539090,HIF1A
GSE23959,3539091,HIF1A
GSE23959,3539093,HIF1A
GSE23959,3539094,HIF1A
GSE23959,3539095,HIF1A
GSE23959,3539097,HIF1A
GSE23959,3539098,HIF1A
GSE23959,3539099,HIF1A
GSE23959,3539100,HIF1A
GSE23959,3539102,HIF1A
GSE23959,3539103,HIF1A
GSE23959,3539104,HIF1A
GSE23959,3557433,MYH6
GSE23959,3557434,MYH6
GSE23959,3557435,MYH6
GSE23959,3557436,MYH6
GSE23959,3557437,MYH6
GSE23959,3557439,MYH6
GSE23959,3557443,MYH6
GSE23959,3557444,MYH6
GSE23959,3557446,MYH6
GSE23959,3557449,MYH6
GSE23959,3557451,MYH6
GSE23959,3557457,MYH6
GSE23959,3557459,MYH6
GSE23959,3557460,MYH6
GSE23959,3557461,MYH6
GSE23959,3557462,MYH6
GSE23959,3557465,MYH6
GSE23959,3557466,MYH6
GSE23959,3557467,MYH6
GSE23959,3557472,MYH6
GSE23959,3557473,MYH6
GSE23959,3557474,MYH6
GSE23959,3557475,MYH6
GSE23959,3557476,MYH6
GSE23959,3557477,MYH6
GSE23959,3557478,MYH6
GSE23959,3557483,MYH6
GSE23959,3557484,MYH6
GSE23959,3557505,MYH7
GSE23959,3557511,MYH7
GSE23959,3557513,MYH7
GSE23959,3557516,MYH7
GSE23959,3557517,MYH7
GSE23959,3557522,MYH7
GSE23959,3557528,MYH7
GSE23959,3557530,MYH7
GSE23959,3557532,MYH7
GSE23959,3557534,MYH7
GSE23959,3557536,MYH7
GSE23959,3557542,MYH7
GSE23959,3557543,MYH7
GSE23959,3557545,MYH7
GSE23959,3557549,MYH7
GSE23959,3557550,MYH7
GSE23959,3557551,MYH7
GSE23959,3557552,MYH7
GSE23959,3557553,MYH7
GSE23959,3557554,MYH7
GSE23959,3557557,MYH7
GSE23959,3557562,MYH7
GSE23959,3557563,MYH7
GSE23959,3557564,MYH7
GSE23959,3590241,DLL4
GSE23959,3590242,DLL4
GSE23959,3590243,DLL4
GSE23959,3590244,DLL4
GSE23959,3590247,DLL4
GSE23959,3590248,DLL4
GSE23959,3590249,DLL4
GSE23959,3590250,DLL4
GSE23959,3590254,DLL4
GSE23959,3590255,DLL4
GSE23959,3590256,DLL4
GSE23959,3590257,DLL4
GSE23959,3590259,DLL4
GSE23959,3590260,DLL4
GSE23959,3598961,SMAD3
GSE23959,3598992,SMAD3
GSE23959,3598993,SMAD3
GSE23959,3598994,SMAD3
GSE23959,3598999,SMAD3
GSE23959,3599014,SMAD3
GSE23959,3599016,SMAD3
GSE23959,3599023,SMAD3
GSE23959,3599028,SMAD3
GSE23959,3599029,SMAD3
GSE23959,3599031,SMAD3
GSE23959,3599032,SMAD3
GSE23959,3599033,SMAD3
GSE23959,3599034,SMAD3
GSE23959,3599035,SMAD3
GSE23959,3599036,SMAD3
GSE23959,3599037,SMAD3
GSE23959,3617724,ACTC1
GSE23959,3617725,ACTC1
GSE23959,3617728,ACTC1
GSE23959,3617732,ACTC1
GSE23959,3617733,ACTC1
GSE23959,3617735,ACTC1
GSE23959,3617736,ACTC1
GSE23959,3664673,CDH5
GSE23959,3664677,CDH5
GSE23959,3664678,CDH5
GSE23959,3664680,CDH5
GSE23959,3664683,CDH5
GSE23959,3664684,CDH5
GSE23959,3664686,CDH5
GSE23959,3664689,CDH5
GSE23959,3664692,CDH5
GSE23959,3664693,CDH5
GSE23959,3664694,CDH5
GSE23959,3664697,CDH5
GSE23959,3664699,CDH5
GSE23959,3664700,CDH5
GSE23959,3664701,CDH5
GSE23959,3664702,CDH5
GSE23959,3664703,CDH5
GSE23959,3664704,CDH5
GSE23959,3664705,CDH5
GSE23959,3718169,CCL2
GSE23959,3718170,CCL2
GSE23959,3718173,CCL2
GSE23959,3718175,CCL2
GSE23959,3718176,CCL2
GSE23959,3762200,COL1A1
GSE23959,3762201,COL1A1
GSE23959,3762202,COL1A1
GSE23959,3762203,COL1A1
GSE23959,3762204,COL1A1
GSE23959,3762206,COL1A1
GSE23959,3762207,COL1A1
GSE23959,3762208,COL1A1
GSE23959,3762210,COL1A1
GSE23959,3762211,COL1A1
GSE23959,3762212,COL1A1
GSE23959,3762213,COL1A1
GSE23959,3762215,COL1A1
GSE23959,3762217,COL1A1
GSE23959,3762218,COL1A1
GSE23959,3762221,COL1A1
GSE23959,3762222,COL1A1
GSE23959,3762227,COL1A1
GSE23959,3762228,COL1A1
GSE23959,3762234,COL1A1
GSE23959,3762236,COL1A1
GSE23959,3762238,COL1A1
GSE23959,3762239,COL1A1
GSE23959,3762241,COL1A1
GSE23959,3762242,COL1A1
GSE23959,3762244,COL1A1
GSE23959,3762245,COL1A1
GSE23959,3762250,COL1A1
GSE23959,3762257,COL1A1
GSE23959,3762258,COL1A1
GSE23959,3762260,COL1A1
GSE23959,3762262,COL1A1
GSE23959,3762263,COL1A1
GSE23959,3762267,COL1A1
GSE23959,3762268,COL1A1
GSE23959,3762269,COL1A1
GSE23959,3762270,COL1A1
GSE23959,3766805,PECAM1
GSE23959,3766806,PECAM1
GSE23959,3766819,PECAM1
GSE23959,3766824,PECAM1
GSE23959,3766825,PECAM1
GSE23959,3766828,PECAM1
GSE23959,3766830,PECAM1
GSE23959,3766831,PECAM1
GSE23959,3766833,PECAM1
GSE23959,3766834,PECAM1
GSE23959,3766835,PECAM1
GSE23959,3766838,PECAM1
GSE23959,3766841,PECAM1
GSE23959,3766848,PECAM1
GSE23959,3766849,PECAM1
GSE23959,3766850,PECAM1
GSE23959,3766851,PECAM1
GSE23959,3806908,SMAD2
GSE23959,3806909,SMAD2
GSE23959,3806915,SMAD2
GSE23959,3806916,SMAD2
GSE23959,3806918,SMAD2
GSE23959,3806919,SMAD2
GSE23959,3806924,SMAD2
GSE23959,3806926,SMAD2
GSE23959,3806928,SMAD2
GSE23959,3806929,SMAD2
GSE23959,3806931,SMAD2
GSE23959,3806933,SMAD2
GSE23959,3806937,SMAD2
GSE23959,3806938,SMAD2
GSE23959,3806939,SMAD2
GSE23959,3806946,SMAD2
GSE23959,3806947,SMAD2
GSE23959,3806957,SMAD2
GSE23959,3820444,ICAM1
GSE23959,3820445,ICAM1
GSE23959,3820446,ICAM1
GSE23959,3820447,ICAM1
GSE23959,3820449,ICAM1
GSE23959,3820450,ICAM1
GSE23959,3820451,ICAM1
GSE23959,3820452,ICAM1
GSE23959,3820454,ICAM1
GSE23959,3820455,ICAM1
GSE23959,3823683,KLF2
GSE23959,3823685,KLF2
GSE23959,3823686,KLF2
GSE23959,3823687,KLF2
GSE23959,3823688,KLF2
GSE23959,3823689,KLF2
GSE23959,3823690,KLF2
GSE23959,3823691,KLF2
GSE23959,3823692,KLF2
GSE23959,3823695,KLF2
GSE23959,3823696,KLF2
GSE23959,3863028,TGFB1
GSE23959,3863029,TGFB1
GSE23959,3863030,TGFB1
GSE23959,3863032,TGFB1
GSE23959,3863033,TGFB1
GSE23959,3863035,TGFB1
GSE23959,3863036,TGFB1
GSE23959,3863037,TGFB1
GSE23959,3863039,TGFB1
GSE23959,3863040,TGFB1
GSE23959,3888528,SNAI1
GSE23959,3888529,SNAI1
GSE23959,3888530,SNAI1
GSE23959,3888532,SNAI1
GSE23959,3897506,JAG1
GSE23959,3897507,JAG1
GSE23959,3897508,JAG1
GSE23959,3897509,JAG1
GSE23959,3897510,JAG1
GSE23959,3897511,JAG1
GSE23959,3897512,JAG1
GSE23959,3897514,JAG1
GSE23959,3897515,JAG1
GSE23959,3897516,JAG1
GSE23959,3897517,JAG1
GSE23959,3897518,JAG1
GSE23959,3897519,JAG1
GSE23959,3897520,JAG1
GSE23959,3897527,JAG1
GSE23959,3897529,JAG1
GSE23959,3897535,JAG1
GSE23959,3897536,JAG1
GSE23959,3897537,JAG1
GSE23959,3897539,JAG1
GSE23959,3897540,JAG1
GSE23959,3897543,JAG1
GSE23959,3897544,JAG1
GSE23959,3897550,JAG1
GSE23959,3897552,JAG1
GSE23959,3897555,JAG1
GSE23959,3897558,JAG1
GSE23959,3897559,JAG1
GSE23959,3897568,JAG1
GSE23959,3897587,JAG1
GSE23959,3897588,JAG1
GSE23959,3897589,JAG1
GSE23959,3901044,THBD
GSE23959,3901045,THBD
GSE23959,3901046,THBD
GSE23959,3901047,THBD
GSE23959,3901048,THBD
GSE23959,3901049,THBD
GSE23959,3901050,THBD
GSE23959,3901051,THBD
GSE23959,3901052,THBD
GSE23959,3901053,THBD
GSE23959,3944140,HMOX1
GSE23959,3944141,HMOX1
GSE23959,3944142,HMOX1
GSE23959,3944144,HMOX1
GSE23959,3944145,HMOX1
GSE23959,3982476,PGK1
